component,explained_variance_ratio,cumulative_variance
PC1,0.07498106268557898,0.07498106268557898
PC2,0.06700739193335956,0.14198845461893855
PC3,0.06613037006262291,0.20811882468156145
PC4,0.06438811641019922,0.27250694109176066
PC5,0.0634376190029325,0.33594456009469315
PC6,0.05406886326992158,0.39001342336461475
PC7,0.048163435772970956,0.4381768591375857
PC8,0.04493518217583215,0.48311204131341784
PC9,0.03865316397902867,0.5217652052924465
PC10,0.03489933491036437,0.5566645402028109
