role,split_half_reliability,icc_approx,cronbach_alpha,jackknife_reliability_proxy,monte_carlo_stability,average_bootstrap_ci_width,reliability_level
GK,-0.07686095690687195,0.237973848173691,0.4837038238467784,0.7286398918187446,0.5022108655625591,37.24200544440663,research_only
CB,0.006783718870972938,0.00032449635987908944,0.0029129054212647804,0.7656913131523548,0.558849997898116,30.600933146674365,research_only
FB,0.19179560739678617,0.006695676505402317,0.045059512041104866,0.7449738875168878,0.5328592936824474,34.23289282435838,research_only
MID,0.6318203326177778,0.11828521573769614,0.4459593215985634,0.7533757765703096,0.5378124878029723,32.735884415136084,research_only
WINGER,0.21048697799234195,0.08101383755083057,0.3459495301309203,0.7293107181330152,0.5076188903584822,37.11576905930172,research_only
CF,0.6801409010874248,0.04168375225224179,0.14820214457573028,0.7353675592298646,0.5166831929295486,35.9864176014617,research_only
